Test Period,Cutoff (h),Production Flagged (%),Risk Ratio,Failures Caught (%),F1,Flagged Failures,Median Lead Time (days)
1,0,1.204581104020284,1.0369426795002625,1.2490815576781777,0.008165225744476466,17,0.45
1,24,0.30683942499838845,0.9578350076253868,0.2939015429831006,0.0038554216867469878,4,0.9729166666666668
1,48,0.21100582307312146,0.6964299342612281,0.1469507714915503,0.002159827213822894,2,0.6666666666666666
1,72,0.10872601474032532,0.0,0.0,0.0,0,
1,96,0.08036270654719697,0.0,0.0,0.0,0,
1,120,0.024495584348610842,0.0,0.0,0.0,0,
1,168,0.005156965126023335,0.0,0.0,0.0,0,
1,240,0.0034379767506822236,0.0,0.0,0.0,0,
1,336,0.00042974709383527794,0.0,0.0,0.0,0,
2,0,1.6592861216052461,1.4514536896269854,2.408376963350785,0.013379872018615473,69,2.158333333333333
2,24,0.7114726637679094,1.864235406483142,1.3263525305410122,0.012543323980854927,38,3.5270833333333336
2,48,0.5250285123672394,2.1938474456170436,1.1518324607329842,0.012638835695135964,33,3.5749999999999997
2,72,0.39583184831420626,2.2044723100387835,0.8726003490401396,0.010771219302024989,25,3.5749999999999997
2,96,0.30784446503670965,2.2676395339733246,0.6980802792321117,0.009418412997409937,20,3.5270833333333336
2,120,0.2503742248200157,2.0911106556613444,0.5235602094240838,0.007520681875156681,15,2.158333333333333
2,168,0.1565952669470383,1.7831452836137325,0.2792321116928447,0.004484304932735427,8,0.9479166666666666
2,240,0.1525857153040131,1.8300016560298595,0.2792321116928447,0.004507042253521127,8,0.9479166666666666
2,336,0.1487989165300449,1.8765735544617572,0.2792321116928447,0.004528729125389188,8,0.9479166666666666
3,0,2.076484046383649,2.260821138456424,4.694559025731683,0.024611265575121,239,3.7624999999999997
3,24,1.2611623152413147,2.912510665267138,3.6731486937733253,0.027111272200072492,187,3.75
3,48,0.9605060877452523,3.3947271145021816,3.2606560597132193,0.028327645051194537,166,3.75625
3,72,0.7953262808317528,3.679915428077633,2.9267334511883716,0.028166351606805293,149,3.7541666666666664
3,96,0.5956615668608737,4.253897623218504,2.53388332351208,0.028037383177570093,129,3.7583333333333333
3,120,0.5311834843376217,4.548387433811023,2.4160282852091925,0.02809181226447413,123,3.75
3,168,0.440769274237601,4.857491937338726,2.1410331958357887,0.026804377228574938,109,3.7624999999999997
3,240,0.4100516259343889,5.125569684741243,2.1017481830681595,0.027016790809241256,107,3.8625000000000003
3,336,0.38165229071066437,5.19816910065211,1.9838931447652721,0.026148867313915854,101,3.7624999999999997
4,0,1.8400469465665026,2.6357608424403236,4.84992369001187,0.02458311844593433,286,4.385416666666667
4,24,1.1538559316647812,3.394917814103087,3.91724605731728,0.02751637879690292,231,3.7624999999999997
4,48,0.89804375182723,3.965433501578945,3.5611327793793452,0.029217391304347827,210,4.04375
4,72,0.7590683564040964,4.311667815406453,3.272850602001017,0.029549108168108396,193,4.116666666666666
4,96,0.6086529131869854,4.81998037903372,2.933695099202984,0.029717426780039507,173,4.266666666666667
4,120,0.5472156194785881,5.175196663907335,2.831948448363575,0.03019072584289976,167,4.116666666666666
4,168,0.4311203196434095,5.624791350618042,2.424961845005935,0.028694692485201165,143,4.870833333333334
4,240,0.3689415413557728,5.837340611885019,2.153637442767509,0.027078891257995733,127,4.241666666666666
4,336,0.29436937795799384,6.3943914736868,1.8823130405290827,0.025587828492392804,111,4.266666666666667
