Test Period,Rule,Cutoff (h),Production Flagged (%),Risk Ratio,Failures Caught (%),F1,Flagged Failures,Median Lead Time (days)
1,Chosen on history,0,2.7123511785679355,2.2971663204654607,6.230721776681062,0.02615902615902616,101,5.666666666666667
1,Any flag,0,2.7123511785679355,2.2971663204654607,6.230721776681062,0.02615902615902616,101,5.666666666666667
1,Hindsight 72 h,72,1.0363039825015339,3.988454304308715,4.133251079580505,0.03390688259109312,67,5.445833333333333
2,Chosen on history,0,2.368238266093889,1.7715288021970708,4.195402298850575,0.020583674044832936,73,1.7208333333333332
2,Any flag,0,2.368238266093889,1.7715288021970708,4.195402298850575,0.020583674044832936,73,1.7208333333333332
2,Hindsight 72 h,72,1.378559767821513,2.3346037507562007,3.218390804597701,0.023064250411861616,56,1.8895833333333332
3,Chosen on history,48,0.49890917940739327,6.604193813178423,3.2948929159802307,0.02279202279202279,20,7.229166666666667
3,Any flag,0,0.8470156713109838,4.473502653749694,3.789126853377265,0.017996870109546165,23,7.233333333333333
3,Hindsight 72 h,72,0.46370739932725485,7.1055431092116486,3.2948929159802307,0.02389486260454002,20,7.229166666666667
4,Chosen on history,120,0.021145467601178858,6.039777564921242,0.1277139208173691,0.0024067388688327317,1,0.48333333333333334
4,Any flag,0,0.8356865008215895,1.8339018858168876,1.532567049808429,0.008955223880597015,12,0.29375
4,Hindsight 72 h,72,0.15022092608337484,0.8501739680827556,0.1277139208173691,0.0017793594306049823,1,0.48333333333333334
