Window (h),Alert Ratio,Production Flagged (%),Failure Rate Flagged (%),Failure Rate Not Flagged (%),Risk Ratio,Failures Caught (%)
24,1.25,21.408679262824712,0.8729767074615081,0.49469546654621904,1.7646749697471635,32.46467241695724
24,1.5,12.99913790553304,0.8241155387228647,0.5385608343017714,1.5302181039423464,18.608919067718848
24,2.0,4.054696513165958,0.5549910107089815,0.5765548316197822,0.962598837563777,3.9089741236924205
72,1.25,21.72995736013151,0.8367326102070684,0.5032050979211744,1.662806306342588,31.583776839787113
72,1.5,15.029708451483945,0.8639050758816541,0.5246987644711795,1.6464781973564309,22.554597173793354
72,2.0,4.081848262921908,0.8567139455430169,0.5637209548230193,1.519748269446508,6.07450908423564
168,1.25,18.585002937037522,0.927731321732902,0.4953161030288638,1.8730086021024028,29.95044962378418
168,1.5,11.15630533357562,0.8636527206954677,0.5395191537029065,1.6007823165645194,16.737015966232335
168,2.0,2.806983810373025,0.7489931875493997,0.5706751249778523,1.3124686091381113,3.6520462470178012
