Measure,All Records,First Tests,"First Tests, First Results Only"
Failure Rate (%),0.581237612674479,0.5387197679956965,
P(Fail | Part Entering Just Before Failed) (%),6.572633415733605,1.8957345971563981,
"Risk same 6 min, by entry time (x)",4.902085550080741,3.667343387439559,
"Risk 0-1 h, by entry time (x)",1.8055307084691457,1.7657205470723802,
"Risk 1-6 h, by entry time (x)",1.4221382878181934,1.4117486620282877,
"Risk 6-24 h, by entry time (x)",1.3104342080251785,1.3171681014327108,
"Risk 1-3 days, by entry time (x)",1.2337576084649207,1.2478493104406663,
"Risk 3-7 days, by entry time (x)",1.222987368185504,1.2345682211656919,
"Risk 1-2 weeks, by entry time (x)",1.1941967455453595,1.205232925914323,
"Risk 2-4 weeks, by entry time (x)",1.1267555046722553,1.1469715460314824,
"Risk 4-8 weeks, by entry time (x)",1.1024365225206285,1.125255298392299,
"Risk same 6 min, by QC time (x)",7.745673632845503,5.962727782195677,
"Risk 0-1 h, by QC time (x)",2.150380156487268,2.0797713347150726,
"Risk 1-6 h, by QC time (x)",1.3434704647732296,1.3728379791033702,
"Risk 6-24 h, by QC time (x)",1.2921718509955888,1.2948951175462804,
"Risk 1-3 days, by QC time (x)",1.2624048329965285,1.2745118008678156,
"Risk 3-7 days, by QC time (x)",1.2298453453026132,1.2379703455501045,
"Risk 1-2 weeks, by QC time (x)",1.2000878372970454,1.2071747415560847,
"Risk 2-4 weeks, by QC time (x)",1.1583880410146539,1.1785276330020016,
"Risk 4-8 weeks, by QC time (x)",1.1109548872647974,1.1306140083377514,
Production Flagged (%),1.6971428329945526,1.684895844804574,1.5845729614962758
Risk Ratio vs. Average,2.8871946148238754,2.610887725047221,2.6300737020531204
Risk Ratio vs. Not Flagged,2.9844313886868576,2.6850126776088388,2.700962037877086
Failures Caught (%),4.899981648008809,4.399073879183329,4.167543675015787
Median Lead Time (h),98.8,102.4,105.25
"Risk Ratio vs. Average, Period 1",2.6841032359287493,2.2971663204654607,2.2977060006836694
"Risk Ratio vs. Average, Period 2",1.935144359137566,1.7715288021970708,1.7780951371170197
"Risk Ratio vs. Average, Period 3",5.028146317255598,4.473502653749694,4.381230171934657
"Risk Ratio vs. Average, Period 4",1.8291350000927582,1.8339018858168876,1.9061581316667162
