Week,Parts L0,Parts L1,Failure Rate L0,Failure Rate L1,L1 Share,Production Week,L1 Campaign
0,13394,17,0.33597133044646854,,0.0012676161360077548,True,False
1,6647,19,0.2557544757033248,,0.0028502850285028504,True,False
2,7227,10,0.2767400027674,,0.001381788033715628,True,False
3,10170,15,0.2949852507374631,,0.0014727540500736377,True,False
4,11375,10,0.2989010989010989,,0.000878348704435661,True,False
5,5669,9,0.28223672605397776,,0.0015850651637900669,True,False
6,9327,10,0.18226653800793396,,0.001071007818357074,True,False
7,6946,6,0.2159516268355888,,0.0008630609896432681,True,False
8,6870,17,0.2911208151382824,,0.002468418759982576,True,False
9,10243,15,0.3905105925998243,,0.001462273347631117,True,False
10,13230,24,0.6575963718820862,,0.0018107741059302852,True,False
11,17274,24,1.0188722936204702,,0.001387443635102324,True,False
12,10327,3,0.8908685968819599,,0.0002904162633107454,True,False
13,13856,4,0.779445727482679,,0.0002886002886002886,True,False
14,16368,27,0.4093352883675464,,0.001646843549862763,True,False
15,19141,25,0.7052923044773001,,0.0013043931962850883,True,False
16,15005,23,0.5198267244251916,,0.0015304764439712537,True,False
17,10864,22,0.7455817378497791,,0.0020209443321697594,True,False
18,4454,34,1.1001347103726986,,0.007575757575757576,True,False
19,12210,132,0.7125307125307125,,0.0106951871657754,True,False
20,14475,1687,1.2642487046632125,1.6597510373443984,0.10438064595965846,True,True
21,8014,3039,0.9109059146493635,0.9213557091148403,0.2749479779245454,True,True
22,7274,7507,1.512235358812208,0.879179432529639,0.5078817400717137,True,True
23,6758,7602,0.6362829239419947,0.5130228887134964,0.5293871866295264,True,True
24,88,3948,,0.8611955420466059,0.9781962338949455,True,True
25,0,2740,,0.4744525547445255,1.0,True,True
26,0,2976,,1.8481182795698925,1.0,True,True
27,0,8338,,0.7555768769489086,1.0,True,True
28,6331,2015,0.5212446690886116,0.5955334987593052,0.24143302180685358,True,True
29,3885,17,0.6177606177606177,,0.004356740133264992,True,False
30,10567,20,0.41639065013721965,,0.0018891092849721357,True,False
31,11211,20,0.6868254393006868,,0.001780785326328911,True,False
32,9178,16,0.56657223796034,,0.001740265390472047,True,False
33,24116,34,0.45198208658152267,,0.0014078674948240165,True,False
34,18219,88,0.5159448926944399,,0.004806904462773803,True,False
35,9378,18,0.6824482832160375,,0.0019157088122605363,True,False
36,14341,78,0.7809776166236664,,0.005409529093557112,True,False
37,13757,107,0.5524460274769208,,0.0077178303519907674,True,False
38,7552,812,0.5296610169491525,0.8620689655172413,0.09708273553323768,True,False
39,7450,5101,0.6308724832214765,1.4506959419721623,0.4064217990598359,True,True
40,12196,11552,0.7707445063955395,0.9002770083102494,0.4864409634495536,True,True
41,13245,15604,0.7097017742544356,1.9097667264803897,0.540885299317134,True,True
42,0,11727,,1.185298882919758,1.0,True,True
43,0,5352,,1.0650224215246635,1.0,True,True
44,0,10939,,0.5302129993600878,1.0,True,True
45,0,12446,,0.6026032460228186,1.0,True,True
46,0,10644,,1.3340849304772642,1.0,True,True
47,0,16752,,0.9551098376313276,1.0,True,True
48,6052,2705,0.7270323859881032,1.2569316081330868,0.3088957405504168,True,True
49,16675,24,1.0794602698650675,,0.0014372118090903647,True,False
50,0,7,,,1.0,False,False
51,0,3,,,1.0,False,False
52,13528,7,1.3897102306327618,,0.0005171776874769117,True,False
53,16051,77,0.9345212136315494,,0.004774305555555556,True,False
54,13586,170,0.7213307816870308,,0.01235824367548706,True,False
55,13297,113,0.6392419342708882,,0.00842654735272185,True,False
56,15470,776,0.5817711700064642,0.5154639175257731,0.04776560384094546,True,False
57,15481,9662,0.4521671726632646,0.6623887393914303,0.38428190748916197,True,True
58,7453,14911,0.36227022675432713,0.4158004158004158,0.6667411912001431,True,True
59,0,22234,,0.44526401007466043,1.0,True,True
60,0,8768,,0.17107664233576644,1.0,True,True
61,0,12407,,0.16925928911098573,1.0,True,True
62,0,11277,,0.10641127959563715,1.0,True,True
63,0,859,,0.23282887077997672,1.0,False,False
64,3806,34,0.2364687335785602,,0.008854166666666666,True,False
65,13557,128,0.19178284281183153,,0.009353306540007307,True,False
66,14530,1050,0.17894012388162422,0.2857142857142857,0.06739409499358151,True,False
67,7922,1824,0.15147689977278464,0.3289473684210526,0.18715370408372667,True,True
68,18129,9661,0.28131722654310776,0.3726322326881275,0.347643037063692,True,True
69,7500,8525,0.17333333333333334,0.187683284457478,0.53198127925117,True,True
70,0,12656,,0.41087231352718073,1.0,True,True
71,0,681,,0.4405286343612335,1.0,False,False
72,19572,34,0.2810136930308604,,0.0017341630113230644,True,False
73,7837,46,0.20415975500829397,,0.005835341874920716,True,False
74,8922,2181,0.2914144810580587,0.36680421824850984,0.19643339637935692,True,True
75,10800,16,0.5185185185185185,,0.0014792899408284023,True,False
76,7855,4,0.916613621896881,,0.0005089706069474488,True,False
77,5893,7,0.18666214152384183,,0.0011864406779661016,True,False
78,6507,12,0.32272936837252186,,0.0018407731247123793,True,False
79,10123,7,0.4840462313543416,,0.0006910167818361303,True,False
80,4438,11,0.405588102748986,,0.0024724657226342997,True,False
81,18348,11,0.8011772400261609,,0.0005991611743559018,True,False
82,23058,18,0.33827738745771535,,0.00078003120124805,True,False
83,18986,19,0.37395975982302754,,0.0009997369113391213,True,False
84,16675,21,0.34182908545727136,,0.001257786296118831,True,False
85,16721,305,0.22725913521918548,0.0,0.017913778926347938,True,False
86,16311,33,0.17779412666298816,,0.0020190895741556535,True,False
87,6987,18,0.45799341634464,,0.002569593147751606,True,False
88,5443,15,0.4776777512401249,,0.002748259435690729,True,False
89,8114,13,0.5669213704707912,,0.0015996062507690415,True,False
90,8006,4,0.6994753934549088,,0.0004993757802746567,True,False
91,7613,4,0.8275318534086431,,0.0005251411316791387,True,False
92,9128,13,0.2848378615249781,,0.0014221638770375233,True,False
93,10559,2,0.15152950089970643,,0.0001893760060600322,True,False
94,12076,0,0.41404438555813183,,0.0,True,False
95,5990,1,0.667779632721202,,0.00016691704223001168,True,False
96,11785,10,0.42426813746287656,,0.000847816871555744,True,False
97,12663,11,0.33957198136302613,,0.000867918573457472,True,False
98,9916,7,0.3630496167809601,,0.0007054318250529074,True,False
99,7667,804,0.3130298682665971,0.8706467661691543,0.09491205288631803,True,False
100,2768,0,0.32514450867052025,,0.0,True,False
101,3510,0,0.2849002849002849,,0.0,True,False
102,89,0,,,0.0,False,False
