Gate,Last Station,Numeric Features,Median Hours Left (failures),Random PR-AUC,Random Lift,Random ROC-AUC,Random Top 1% Caught,Random Top 1% Recall (%),Forward Lift,Forward Lift Min,Forward Lift Max,Forward Top 1% Recall (%),Forward Top 1% Recall Min (%),Forward Top 1% Recall Max (%),Weekly Lift,Weekly Top 1% Recall (%)
After L0,S23,168,29.550018,0.012009832042306283,2.0706606969493593,0.6188562888893513,28,4.827586206896552,1.1057647578730365,0.9589168908578233,1.3254268989903586,1.647623233674801,0.48543689320388345,3.4090909090909087,,
After L1,S25,681,63.79944,0.04813636816431,8.29937382143276,0.6435665567186232,73,12.586206896551724,1.109337271168062,0.9588031597831803,1.3313483208908359,0.851638390192764,0.48543689320388345,1.5056461731493098,1.0842035367026106,1.4173228346456692
After L2,S28,723,35.89966,0.047161588699424814,8.131308396452555,0.6482667055126631,70,12.068965517241379,1.0877425036261494,0.9164671249123818,1.2525238439497612,0.7900913007284851,0.48543689320388345,1.5151515151515151,1.038273552989306,1.1023622047244095
S29,S29,776,0.30029297,0.05075609732155334,8.751051262336784,0.6603978853210691,75,12.931034482758621,1.0395112987486375,0.9702346258166684,1.2140893106903192,1.3313761763722862,0.7575757575757576,1.8820577164366372,,
S30,S30,844,0.20019531,0.04814161813716852,8.300278989166987,0.6669351115781879,76,13.10344827586207,1.0692129773736765,0.9629690580481528,1.1830246430783493,1.2261993586674027,0.6273525721455459,1.6990291262135921,,
S32,S32,849,0.20019531,0.06045983022262339,10.424108659073,0.7157205672209157,95,16.379310344827587,2.395521770208947,1.7363884429354879,3.5438801828752013,8.08695117724122,5.681818181818182,12.5,,
S33,S33,859,0.100097656,0.06975238864822285,12.02627390486601,0.7211166229649206,143,24.655172413793103,6.770135285897559,3.834914186503084,11.873966730349066,13.433033325084685,8.155583437892096,19.736842105263158,,
S34,S34,863,0.09999156,0.07602731721032512,13.108158139711227,0.7229339826164166,144,24.82758620689655,6.800431467473989,3.770087078143347,11.555426533021338,13.467846387193873,7.779171894604768,19.407894736842106,,
S37,S37,883,0.0,0.07139816102343742,12.310027762661624,0.7157776482911229,144,24.82758620689655,7.256110722088098,3.797201030926234,12.489862401868143,14.175898873775477,8.155583437892096,19.736842105263158,,
S38,S38,886,0.0,0.10959211838619207,18.89519282520553,0.7212904414570023,152,26.20689655172414,8.529635203913791,4.105617646501651,16.08110199627962,14.096192549695129,7.528230865746549,20.394736842105264,,
Full record,S51,968,0.0,0.11613306901335575,20.0229429333372,0.723383876483605,154,26.551724137931032,8.700400055592453,4.406805585784406,16.287327918143887,14.99202154159181,8.030112923462985,22.039473684210524,7.570058922226368,15.275590551181104
