Decision Point,Feature Set,Parts In Production,Lift,Lift Min,Lift Max,Top 1% Recall (%),Top 1% Recall Min (%),Top 1% Recall Max (%),Of All Test Failures (%)
At final QC,Measurements,499657,8.700400055592453,4.406805585784406,16.287327918143887,14.99202154159181,8.030112923462985,22.039473684210524,14.99202154159181
At final QC,Monitors only,499657,1.0983134139100315,1.0637989757346495,1.1542684020956235,1.4677260452898802,1.2547051442910917,1.644736842105263,1.4677260452898802
At final QC,Measurements + monitors,499657,9.004747770238437,4.086405124337376,16.93957586920585,14.83584925618165,8.406524466750314,22.36842105263158,14.83584925618165
At final QC,Measurements + raw monitor rates,499657,8.564533056559005,3.6908064937646428,16.769460246278307,13.891015711185673,6.398996235884567,21.052631578947366,13.891015711185673
24 h after entry,Measurements,303898,1.1544267182499095,0.9567725335973757,1.397040877624111,0.8591389255478472,0.5376344086021506,1.386481802426343,0.6339226075475128
24 h after entry,Monitors only,303898,0.9929211165781371,0.9055366024947896,1.1705645844932442,0.757181879997511,0.425531914893617,1.0752688172043012,0.5182624912709033
24 h after entry,Measurements + monitors,303898,1.0917108081328377,0.9623905305926582,1.2518065746916462,1.0360854035818856,0.8665511265164645,1.276595744680851,0.7458674886127427
72 h after entry,Measurements,173234,0.974784253156233,0.8870362913664883,1.0806874262953,0.9625947325620332,0.398406374501992,1.179245283018868,0.4451227520287113
72 h after entry,Monitors only,173234,1.079275206473429,1.012953403371394,1.1752395099529493,0.64341689844396,0.0,1.394422310756972,0.3777977389959824
72 h after entry,Measurements + monitors,173234,0.9632333734110987,0.8751408155750284,1.0244130545068102,0.5605792951692373,0.0,1.1363636363636365,0.21791381060363044
168 h after entry,Measurements,100895,1.1874207090604596,0.8570136114448452,1.9181958431470485,0.5586085684064863,0.0,0.9090909090909091,0.20810341245113084
168 h after entry,Monitors only,100895,1.0576836671636591,1.0092053883985455,1.1081861166610272,0.3929406478396068,0.0,0.9090909090909091,0.145170127278197
168 h after entry,Measurements + monitors,100895,1.3347227490034403,0.8606685356398821,2.400194710919617,0.3929406478396068,0.0,0.9090909090909091,0.145170127278197
