Seed,Setup,Test Period,Test Records,Test Failure Rate (%),Lift,Top 1% Recall (%),Top 5% Recall (%)
42,A,1,236633,0.7564456352241656,4.8564003397456705,11.22905027932961,16.256983240223462
42,B,1,224934,0.720655836823246,4.3895443154261375,10.178901912399754,15.484268969771744
42,C,1,224934,0.720655836823246,3.8529945710674327,9.993830968537939,15.731030228254165
42,A,2,236633,0.8312450080927005,7.13504358789256,14.336553126588713,18.708693441789528
42,B,2,226033,0.7697991001313967,6.085085469139021,12.35632183908046,16.60919540229885
42,C,2,226033,0.7697991001313967,5.856557829288548,12.011494252873563,16.264367816091955
42,A,3,236633,0.30764939801295677,12.466275053675194,19.78021978021978,22.252747252747252
42,B,3,230102,0.26379605566227154,10.459916556669503,17.1334431630972,19.27512355848435
42,C,3,230102,0.26379605566227154,10.3962251710275,17.298187808896213,20.098846787479406
42,A,4,236633,0.4073818951710032,4.683001971751423,11.514522821576763,15.663900414937759
42,B,4,226999,0.3449354402442302,4.277392356689181,10.600255427841635,15.32567049808429
42,C,4,226999,0.3449354402442302,4.381411884070753,11.494252873563218,14.942528735632186
1,A,1,236633,0.7564456352241656,4.697204956977589,11.28491620111732,17.430167597765365
1,B,1,224934,0.720655836823246,4.154146609931656,10.240592227020358,16.34793337446021
1,C,1,224934,0.720655836823246,4.376173997630564,9.993830968537939,16.286243059839606
1,A,2,236633,0.8312450080927005,7.060201525816416,13.777325876970007,17.33604473817997
1,B,2,226033,0.7697991001313967,5.992227007045752,11.724137931034482,15.459770114942529
1,C,2,226033,0.7697991001313967,5.86199852021639,12.35632183908046,16.034482758620687
1,A,3,236633,0.30764939801295677,12.508496420296664,19.917582417582416,23.35164835164835
1,B,3,230102,0.26379605566227154,10.858739742429476,17.298187808896213,20.098846787479406
1,C,3,230102,0.26379605566227154,9.783179629866067,16.80395387149918,19.769357495881383
1,A,4,236633,0.4073818951710032,5.040297556452793,12.033195020746888,16.90871369294606
1,B,4,226999,0.3449354402442302,5.4021201213162735,11.36653895274585,16.091954022988507
1,C,4,226999,0.3449354402442302,4.158651111188231,11.11111111111111,14.814814814814813
2,A,1,236633,0.7564456352241656,4.690978234434335,10.893854748603351,17.486033519553075
2,B,1,224934,0.720655836823246,4.233221929572514,10.11721159777915,16.594694632942627
2,C,1,224934,0.720655836823246,4.636686526454041,10.549043800123382,16.594694632942627
2,A,2,236633,0.8312450080927005,7.207290002398098,14.590747330960854,18.40366039654296
2,B,2,226033,0.7697991001313967,6.165099846022824,12.471264367816092,16.32183908045977
2,C,2,226033,0.7697991001313967,6.203205876483332,12.586206896551724,16.494252873563216
2,A,3,236633,0.30764939801295677,13.999702259223916,21.016483516483518,23.626373626373624
2,B,3,230102,0.26379605566227154,11.88806835577329,17.957166392092258,20.757825370675455
2,C,3,230102,0.26379605566227154,11.319443373435627,17.792421746293247,20.922570016474467
2,A,4,236633,0.4073818951710032,4.707997557912348,11.721991701244812,16.07883817427386
2,B,4,226999,0.3449354402442302,4.603974605232656,11.11111111111111,15.836526181353769
2,C,4,226999,0.3449354402442302,5.397831360043862,11.11111111111111,14.687100893997446
