Entry Line,Through L2,L3 Path,Parts,Failure_Rate
L0,False,S29-S38,317810,0.4999842673295365
L1,True,S29-S38,98549,0.7478513226922647
L0,True,S29-S38,47137,0.7234232131870929
L0,False,S39-S51,21376,0.49120508982035926
L1,False,S29-S38,9190,0.9249183895538629
L1,True,S39-S51,2302,0.6516072980017376
L0,True,S39-S51,1392,1.221264367816092
L3,False,S29-S38,938,0.6396588486140725
L1,False,S39-S51,558,0.35842293906810035
L2,True,S29-S38,363,0.27548209366391185
none,False,none,343,0.5830903790087464
L3,False,S39-S51,39,0.0
L0,False,none,1,100.0
L1,False,none,1,0.0
L1,True,none,1,0.0
