measurement,discovery_corr,validation_corr
L0_S0_F0,-0.13606161280579887,0.01787624140565317
L0_S0_F2,-0.10993657505285412,0.028265851795263558
L0_S0_F4,-0.16973723950468136,-0.11566080977845683
L0_S0_F6,-0.15448504983388703,-0.10832696715049654
L0_S0_F8,-0.027937179099969796,-0.03559969442322383
L0_S0_F10,0.1055572334642102,0.06554621848739495
L0_S0_F12,-0.035940803382663845,-0.09029793735676088
L0_S0_F14,-0.06176381757777106,-0.10038197097020625
L0_S0_F16,0.05904560555723346,0.0612681436210848
L0_S0_F18,0.12035638779824825,0.01665393430099312
L0_S0_F20,-0.001359106010268801,0.28403361344537814
L0_S0_F22,-0.006342494714587738,0.28403361344537814
L0_S1_F24,-0.09528843249773483,0.16699770817417878
L0_S1_F28,0.13787375415282394,0.09885408708938119
L0_S2_F32,0.055749128919860634,-0.1877769289533995
L0_S2_F36,-0.11951219512195126,0.09060351413292589
L0_S2_F40,0.11062717770034845,-0.2397249809014515
L0_S2_F44,-0.2773519163763067,0.036516424751718866
L0_S2_F48,0.08867595818815333,-0.061879297173414824
L0_S2_F52,-0.04154213288555382,0.13659626476652822
L0_S2_F56,-0.08031358885017423,-0.27150496562261267
L0_S2_F60,0.06411149825783974,0.0426279602750191
L0_S2_F64,-0.09773519163763067,0.0857142857142857
L0_S3_F68,-0.2918118466898955,-0.28892284186401834
L0_S3_F72,0.27456445993031364,-0.12391138273491215
L0_S3_F76,-0.24250871080139377,-0.21405653170359049
L0_S3_F80,-0.09477351916376309,-0.3246753246753246
L0_S3_F84,-0.06602787456445994,-0.10649350649350649
L0_S3_F88,0.15106025045927643,-0.34667495691867867
L0_S3_F92,-0.2538327526132405,-0.35309396485867073
L0_S3_F96,0.43728222996515687,0.08357524828113064
L0_S3_F100,0.20592334494773523,-0.23422459893048125
L0_S4_F104,-0.12648083623693385,-0.496103896103896
L0_S4_F109,-0.05121951219512196,-0.2186401833460657
L0_S5_F114,0.08989547038327528,-0.14438502673796788
L0_S5_F116,-0.15331010452961674,-0.28097784568372797
L0_S6_F118,-0.12996515679442514,-0.10313216195569137
L0_S6_F122,-0.3266550522648084,0.23514132925897632
L0_S6_F132,0.16951219512195126,-0.00015278838808250572
L0_S7_F136,0.04198606271777005,-0.1682200152788388
L0_S7_F138,-0.2538327526132405,0.028877005347593583
L0_S7_F142,0.2149825783972126,0.009931245225362872
L0_S8_F144,-0.08620747376094633,0.3130634071810542
L0_S8_F146,-0.2572842177617811,-0.062184873949579826
L0_S8_F149,0.28072096901322363,0.09579831932773109
L0_S9_F155,0.09529616724738678,0.006264323911382734
L0_S9_F160,-0.15296167247386763,-0.1917494270435447
L0_S9_F165,-0.0033101045296167254,0.06279602750190985
L0_S9_F170,0.0912891986062718,0.041100076394194045
L0_S9_F175,0.0378048780487805,0.08174178762414054
L0_S9_F180,0.08972125435540072,0.019404125286478224
L0_S9_F185,-0.15139372822299654,-0.12666157372039724
L0_S9_F190,0.09024390243902441,0.12880061115355232
L0_S9_F195,0.19094076655052267,-0.036516424751718866
L0_S9_F200,-0.1531358885017422,-0.10954927425515659
L0_S9_F205,-0.005400696864111499,0.22169595110771578
L0_S9_F210,0.3027874564459931,-0.29411764705882354
L0_S10_F219,0.33728222996515683,-0.18319327731092436
L0_S10_F224,0.01236933797909408,-0.15355233002291827
L0_S10_F229,0.2614982578397213,-0.13705118411000763
L0_S10_F234,-0.28972125435540075,-0.09915966386554621
L0_S10_F239,-0.056794425087108025,-0.060351413292589765
L0_S10_F244,-0.04982578397212544,-0.093353705118411
L0_S10_F249,-0.17195121951219514,0.1437738731856379
L0_S10_F254,-0.43728222996515687,0.05118411000763942
L0_S10_F259,0.36707317073170737,-0.009320091673032849
L0_S10_F264,-0.23031358885017425,0.21986249045072573
L0_S10_F269,-0.2879790940766551,-0.16149732620320856
L0_S10_F274,-0.21986062717770036,-0.012681436210847974
L0_S11_F282,-0.01167247386759582,0.415126050420168
L0_S11_F286,0.08449477351916378,-0.27975553857906793
L0_S11_F290,-0.10975609756097562,0.14346829640947287
L0_S11_F294,-0.21689895470383277,0.2565317035905271
L0_S11_F298,-0.10993031358885018,0.0750190985485103
L0_S11_F302,-0.1015679442508711,0.14469060351413293
L0_S11_F306,0.13205574912891987,0.2320855614973262
L0_S11_F310,-0.28885017421602793,0.1413292589763178
L0_S11_F314,0.1202090592334495,0.36837280366692127
L0_S11_F318,0.1480836236933798,0.26325439266615736
L0_S11_F322,-0.15383275261324048,-0.1902215431627196
L0_S11_F326,0.04947735191637632,0.20122230710466005
L0_S12_F330,0.31822660098522154,-0.17217391304347823
L0_S12_F332,0.31674876847290634,-0.13478260869565215
L0_S12_F334,-0.0985221674876847,0.25130434782608696
L0_S12_F336,-0.0985221674876847,0.25130434782608696
L0_S12_F338,0.10541871921182264,-0.23043478260869563
L0_S12_F340,0.1576354679802955,-0.248695652173913
L0_S12_F342,-0.2906403940886699,0.26086956521739124
L0_S12_F344,-0.2995073891625615,0.29913043478260865
L0_S12_F346,0.18965517241379307,0.08782608695652173
L0_S12_F348,0.19556650246305415,0.04
L0_S12_F350,0.3940886699507388,-0.29739130434782607
L0_S12_F352,0.3940886699507388,-0.29739130434782607
L0_S13_F354,0.026600985221674867,0.25478260869565217
L0_S13_F356,-0.28768472906403936,-0.15478260869565216
L0_S14_F358,0.25652173913043474,-0.19607843137254904
L0_S14_F362,-0.33652173913043476,0.42401960784313725
L0_S14_F366,0.25130434782608696,-0.27941176470588236
L0_S14_F370,0.010434782608695651,-0.007352941176470588
L0_S14_F374,-0.07478260869565216,0.35784313725490197
L0_S14_F378,0.2502172968684897,0.0700140042014005
L0_S14_F382,0.11130434782608695,-0.18382352941176472
L0_S14_F386,-0.009565217391304347,0.32107843137254904
L0_S14_F390,0.09999999999999999,0.752450980392157
L0_S15_F394,0.0147008547008547,0.23105230684931463
L0_S15_F397,-0.20478632478632477,-0.11184697656399943
L0_S15_F400,-0.13709401709401706,-0.048565134560683974
L0_S15_F403,0.19316239316239317,0.37380436904284026
L0_S15_F406,0.20478632478632477,0.2016188919640516
L0_S15_F412,0.10495726495726496,0.017660048931157808
L0_S15_F415,-0.3941880341880341,0.10743196433120998
L0_S15_F418,-0.14666666666666667,0.32229589299362993
L0_S16_F421,0.1443478260869565,0.2029411764705882
L0_S16_F426,0.050434782608695654,-0.34705882352941175
L0_S17_F431,-0.015384615384615384,-0.10784313725490197
L0_S17_F433,0.0037606837606837602,-0.2058823529411765
L0_S18_F435,-0.07043478260869565,-0.18137254901960786
L0_S18_F439,0.02434782608695652,-0.44852941176470595
L0_S18_F449,0.03217391304347826,0.34068627450980393
L0_S19_F453,0.09743589743589742,0.04166666666666667
L0_S19_F455,0.2608547008547008,-0.02450980392156863
L0_S19_F459,0.09743589743589742,0.17647058823529413
L0_S20_F461,0.20716837206038236,-0.07625290427944324
L0_S20_F463,0.3222904414223857,0.13997107129868755
L0_S20_F466,-0.3541808805310519,-0.13812668946619147
L3_S29_F3315,-0.1569169960474308,0.01596638655462185
L3_S29_F3318,0.11581027667984188,-0.22885154061624652
L3_S29_F3321,-0.04545454545454545,-0.17927170868347342
L3_S29_F3324,0.045059288537549404,0.1523809523809524
L3_S29_F3327,0.00606060606060606,0.4212885154061625
L3_S29_F3330,0.0013175230566534915,0.42605042016806727
L3_S29_F3333,0.022661396574440048,0.261624649859944
L3_S29_F3336,0.07509881422924901,0.31456582633053226
L3_S29_F3339,0.10988142292490119,0.007002801120448179
L3_S29_F3342,0.08801054018445321,0.21484593837535013
L3_S29_F3345,0.03188405797101449,0.10700280112044817
L3_S29_F3348,-0.0005270092226613965,-0.014845938375350141
L3_S29_F3351,-0.0957839262187088,-0.0969187675070028
L3_S29_F3354,-0.12318840579710144,0.1938375350140056
L3_S29_F3357,-0.1996047430830039,-0.1862745098039216
L3_S29_F3360,-0.03399209486166008,-0.2913165266106443
L3_S29_F3367,0.045059288537549404,0.1523809523809524
L3_S29_F3370,0.07509881422924901,0.31456582633053226
L3_S29_F3373,-0.02608695652173913,0.13333333333333336
L3_S29_F3376,0.04268774703557312,0.27030812324929976
L3_S29_F3379,0.06561264822134387,-0.14593837535014006
L3_S29_F3382,0.06231884057971014,0.3022408963585434
L3_S29_F3385,-0.04545454545454545,-0.17927170868347342
L3_S29_F3388,0.022661396574440048,0.261624649859944
L3_S29_F3395,-0.0005270092226613965,-0.014845938375350141
L3_S29_F3398,-0.03399209486166008,-0.2913165266106443
L3_S29_F3401,0.03188405797101449,0.10700280112044817
L3_S29_F3404,-0.1996047430830039,-0.1862745098039216
L3_S29_F3407,0.11473993466303697,-0.030707045178507367
L3_S29_F3412,0.11473993466303697,-0.030707045178507367
L3_S29_F3421,0.11581027667984188,-0.22885154061624652
L3_S29_F3424,0.0013175230566534915,0.42605042016806727
L3_S29_F3427,-0.06363636363636364,0.37591036414565826
L3_S29_F3430,0.004347826086956521,0.4212885154061625
L3_S29_F3433,-0.043741765480895915,-0.3350140056022409
L3_S29_F3436,0.003952569169960474,0.4215686274509804
L3_S29_F3439,-0.1569169960474308,0.01596638655462185
L3_S29_F3442,0.00606060606060606,0.4212885154061625
L3_S29_F3449,0.08801054018445321,0.21484593837535013
L3_S29_F3452,-0.12318840579710144,0.1938375350140056
L3_S29_F3455,0.10988142292490119,0.007002801120448179
L3_S29_F3458,-0.0957839262187088,-0.0969187675070028
L3_S29_F3473,-0.22674571805006585,0.12492997198879553
L3_S29_F3476,-0.27667984189723316,0.12324929971988796
L3_S29_F3479,-0.2598155467720685,0.018487394957983194
L3_S29_F3482,-0.16640316205533598,0.005882352941176471
L3_S29_F3485,-0.027404479578392617,0.20364145658263308
L3_S29_F3488,0.07391304347826086,-0.10420168067226891
L3_S29_F3491,-0.09130434782608696,0.09355742296918769
L3_S30_F3494,-0.10223978919631092,-0.08879551820728293
L3_S30_F3499,-0.10223978919631092,-0.08879551820728293
L3_S30_F3504,0.09025032938076416,-0.1904761904761905
L3_S30_F3509,0.31133069828722,-0.32885154061624655
L3_S30_F3514,0.12621870882740446,-0.3170868347338936
L3_S30_F3519,-0.31976284584980236,-0.14397759103641455
L3_S30_F3524,0.20131752305665346,-0.1753501400560224
L3_S30_F3529,0.09025032938076416,-0.1904761904761905
L3_S30_F3534,0.06824769433465086,-0.25406162464985993
L3_S30_F3539,0.12621870882740446,-0.3170868347338936
L3_S30_F3544,-0.1517786561264822,-0.29187675070028013
L3_S30_F3549,0.20131752305665346,-0.1753501400560224
L3_S30_F3554,0.08919631093544136,0.4778711484593837
L3_S30_F3559,0.06824769433465086,-0.25406162464985993
L3_S30_F3564,0.052631578947368425,-0.07450980392156864
L3_S30_F3569,-0.12280701754385966,-0.3170868347338936
L3_S30_F3574,0.3085655314757482,-0.253781512605042
L3_S30_F3579,0.027863777089783277,-0.35406162464986
L3_S30_F3584,0.4055727554179567,-0.18571428571428572
L3_S30_F3589,0.1929824561403509,-0.25406162464985993
L3_S30_F3594,0.012911892089042608,-0.2863255022409792
L3_S30_F3599,0.05777309280945571,-0.2863255022409792
L3_S30_F3604,0.0010319917440660476,0.3336134453781513
L3_S30_F3609,0.2693498452012384,0.41680672268907565
L3_S30_F3614,0.05777309280945571,-0.2863255022409792
L3_S30_F3619,0.05777309280945571,-0.2863255022409792
L3_S30_F3624,-0.22187822497420018,0.15714285714285714
L3_S30_F3629,0.2053663570691434,0.1915966386554622
L3_S30_F3634,0.12693498452012383,-0.08963585434173671
L3_S30_F3639,0.2631578947368421,0.26022408963585436
L3_S30_F3644,0.021671826625386997,-0.09523809523809525
L3_S30_F3649,0.2631578947368421,0.26022408963585436
L3_S30_F3654,0.05777309280945571,-0.2863255022409792
L3_S30_F3659,0.05777309280945571,-0.2863255022409792
L3_S30_F3664,0.11042311661506708,-0.2854341736694678
L3_S30_F3669,-0.029927760577915376,0.5016806722689076
L3_S30_F3674,0.04231166150670795,-0.28319327731092436
L3_S30_F3679,-0.029927760577915376,0.5016806722689076
L3_S30_F3684,-0.1413828689370485,-0.2736694677871148
L3_S30_F3689,-0.05675954592363261,0.4778711484593837
L3_S30_F3694,0.05777309280945571,-0.2863255022409792
L3_S30_F3699,0.05777309280945571,-0.2863255022409792
L3_S30_F3704,-0.12074303405572755,-0.0784313725490196
L3_S30_F3709,0.20949432404540763,-0.14117647058823532
L3_S30_F3714,0.05777309280945571,-0.2863255022409792
L3_S30_F3719,0.05777309280945571,-0.2863255022409792
L3_S30_F3724,-0.05454545454545454,0.03277310924369748
L3_S30_F3729,0.03465085638998682,-0.00392156862745098
L3_S30_F3734,0.06284584980237154,-0.10364145658263306
L3_S30_F3739,0.2284584980237154,0.10028011204481793
L3_S30_F3744,0.02015810276679842,0.11652661064425772
L3_S30_F3749,-0.08471673254281949,0.17366946778711484
L3_S30_F3754,0.20210803689064558,0.02212885154061625
L3_S30_F3759,0.020685111989459812,0.08487394957983195
L3_S30_F3764,0.2511198945981555,-0.07226890756302522
L3_S30_F3769,0.03675889328063241,-0.32072829131652664
L3_S30_F3774,-0.14664031620553358,-0.1834733893557423
L3_S30_F3779,0.23280632411067192,-0.07787114845938375
L3_S30_F3784,-0.14466403162055336,-0.18123249299719887
L3_S30_F3789,0.23280632411067192,-0.07787114845938375
L3_S30_F3794,0.1660079051383399,0.06302521008403361
L3_S30_F3799,0.2115942028985507,-0.00196078431372549
L3_S30_F3804,-0.31317523056653485,0.34705882352941175
L3_S30_F3809,0.05243741765480895,-0.010924369747899159
L3_S30_F3814,0.23280632411067192,-0.07787114845938375
L3_S30_F3819,0.016205533596837945,0.004761904761904762
L3_S30_F3824,0.23280632411067192,-0.07787114845938375
L3_S30_F3829,0.32068511198945976,-0.4056022408963586
L3_S33_F3855,0.22371541501976283,0.1843137254901961
L3_S33_F3857,0.21212121212121213,0.1843137254901961
L3_S33_F3859,-0.2571805006587615,0.3280112044817927
L3_S33_F3861,0.22371541501976283,0.1843137254901961
L3_S33_F3863,0.22371541501976283,0.1843137254901961
L3_S33_F3865,-0.2756258234519104,0.23977591036414567
L3_S33_F3867,0.20764163372859024,0.2274509803921569
L3_S33_F3869,0.32002635046113304,-0.051540616246498604
L3_S33_F3871,0.0227931488801054,0.11988795518207283
L3_S33_F3873,0.17417654808959157,-0.37563025210084033
L3_S34_F3876,0.17352012996675362,-0.20144713734045183
L3_S34_F3880,-0.19275362318840578,0.005322128851540616
L3_S34_F3882,0.06561264822134387,-0.37843137254901965
L3_S35_F3884,-0.14384181056215084,0.14081360273115787
L3_S35_F3889,0.10065876152832673,0.3182072829131653
L3_S35_F3894,-0.12714097496706192,-0.14789915966386555
L3_S35_F3896,0.10065876152832673,0.32184873949579834
L3_S35_F3898,0.10118577075098813,0.008683473389355743
L3_S35_F3903,-0.3739130434782608,0.24285714285714288
L3_S35_F3908,0.07312252964426876,0.130812324929972
L3_S35_F3913,0.20935441370223978,-0.12268907563025211
L3_S36_F3918,-0.11304347826086955,-0.05686274509803922
L3_S36_F3920,0.12187088274044795,0.24481792717086837
L3_S36_F3922,-0.11304347826086955,-0.05686274509803922
L3_S36_F3924,0.12187088274044795,0.24481792717086837
L3_S36_F3926,0.06166007905138339,-0.07086834733893559
L3_S36_F3930,0.21330698287220023,0.3120448179271709
L3_S36_F3934,-0.0300395256916996,-0.060504201680672276
L3_S36_F3938,0.20935441370223978,-0.19327731092436976
L3_S37_F3946,-0.09384207438465259,0.2876850192232913
L3_S37_F3948,0.13478260869565217,-0.1913165266106443
L3_S37_F3950,0.27470355731225293,-0.3190476190476191
