score,station,threshold,discovery_days,discovery_flagged_parts_pct,discovery_flagged_failures,discovery_lift,validation_days,validation_flagged_parts_pct,validation_flagged_failures,validation_lift,discovery_weekly_corr,validation_weekly_corr
rms,L0_S0,2.2,168,8.2,175,1.05,152,3.8,70,2.41,0.10278745644599305,-0.043697478991596636
rms,L0_S1,1.826,168,7.7,135,0.86,152,16.5,91,0.72,-0.26411149825783975,0.11932773109243698
rms,L0_S2,1.841,160,7.1,84,1.18,149,10.1,28,0.7,0.18142589118198876,-0.32773109243697474
rms,L0_S3,1.983,161,6.9,73,1.09,148,10.5,32,0.83,0.2181988742964353,-0.08418640183346066
rms,L0_S4,2.726,164,9.1,95,1.05,147,4.2,13,0.8,0.07421602787456447,0.21405653170359049
rms,L0_S5,2.544,164,7.2,90,1.23,147,6.9,24,0.92,-0.047560975609756105,0.11566080977845683
rms,L0_S6,2.262,165,8.9,99,1.12,146,6.2,24,1.01,0.1531358885017422,0.05974025974025974
rms,L0_S7,2.866,165,9.7,113,1.15,147,2.5,13,1.36,-0.06341463414634146,-0.1636363636363636
rms,L0_S8,2.324,165,10.5,171,0.81,149,7.8,49,0.82,0.044599303135888516,0.16241405653170357
rms,L0_S9,1.997,163,11.1,70,0.92,146,12.6,33,1.05,-0.42317073170731717,0.07776928953399541
rms,L0_S10,2.26,162,8.0,53,0.97,146,5.5,9,0.64,0.0036585365853658547,-0.07410236822001527
rms,L0_S11,2.009,162,8.4,33,0.63,145,5.5,12,0.85,-0.26602787456446003,-0.12696715049656226
rms,L2_S26,1.979,83,6.9,38,0.63,42,0.2,0,0.0,0.24604743083003952,0.1758241758241758
rms,L3_S29,1.963,290,6.6,204,0.79,200,3.3,42,1.17,-0.21830438164376462,-0.17834008097165993
rms,L3_S30,1.806,289,5.1,150,0.76,200,7.9,67,0.79,-0.09975369458128079,-0.0882591093117409
rms,L3_S32,1.987,113,10.5,45,1.23,93,8.1,4,0.44,-0.18655462184873953,-0.2571428571428571
rms,L3_S33,2.101,287,5.8,228,1.17,202,5.8,63,1.17,-0.0396681358568836,-0.05161943319838057
rms,L3_S34,2.216,287,7.4,283,1.11,202,10.7,107,1.04,-0.012315270935960592,-0.4560728744939271
rms,L3_S35,2.256,284,7.9,141,0.94,198,8.8,30,0.65,0.0016852476017630285,-0.34797570850202436
rms,L3_S36,2.104,284,6.9,139,1.01,199,9.8,43,0.78,-0.04336271713767177,-0.2787449392712551
rms,L3_S37,2.315,287,6.9,271,1.0,202,12.6,129,0.95,-0.07901218563650507,-0.2884615384615385
rms,L3_S38,1.651,72,9.5,6,1.41,42,18.1,2,0.65,0.36173913043478256,-0.16428571428571426
max,L0_S0,4.713,168,9.5,200,1.03,152,3.1,67,2.81,0.13188153310104533,-0.08207282913165267
max,L0_S1,2.649,168,9.2,182,0.97,152,14.8,83,0.73,-0.2996515679442509,0.051540616246498604
max,L0_S2,4.131,160,8.1,103,1.26,149,10.6,30,0.72,0.1454033771106942,-0.2644766997708174
max,L0_S3,3.633,161,7.3,87,1.24,148,11.5,38,0.9,0.14409005628517826,-0.1229946524064171
max,L0_S4,3.135,164,9.9,105,1.07,147,7.7,18,0.6,0.05731707317073171,0.19602750190985485
max,L0_S5,3.434,164,7.2,98,1.33,147,8.0,20,0.66,-0.03310104529616725,0.11779984721161191
max,L0_S6,3.239,165,8.3,95,1.15,146,5.4,24,1.17,0.1501742160278746,0.029793735676088614
max,L0_S7,4.114,165,9.3,111,1.17,147,2.0,12,1.54,-0.0740418118466899,-0.20061115355233
max,L0_S8,4.907,165,10.2,194,0.95,149,6.5,36,0.72,0.07125435540069688,0.0346829640947288
max,L0_S9,4.41,163,10.0,65,0.95,146,14.1,36,1.03,-0.3238675958188154,0.03559969442322383
max,L0_S10,5.719,162,7.7,59,1.11,146,4.7,7,0.57,0.0019163763066202095,-0.09824293353705117
max,L0_S11,3.82,162,9.3,43,0.74,145,9.1,14,0.59,-0.2914634146341464,-0.17494270435446904
max,L2_S26,4.847,83,6.8,33,0.55,42,0.0,0,,0.24110671936758896,0.35714285714285715
max,L3_S29,9.614,290,7.1,239,0.86,200,3.9,32,0.77,-0.16184858698470317,-0.1651821862348178
max,L3_S30,9.527,289,7.3,229,0.8,200,7.7,79,0.95,-0.1080502981591911,-0.07267206477732795
max,L3_S32,1.987,113,10.5,45,1.23,93,8.1,4,0.44,-0.18655462184873953,-0.2571428571428571
max,L3_S33,5.929,287,6.5,273,1.24,202,7.3,91,1.32,0.13008815141301533,0.09331983805668018
max,L3_S34,4.04,287,8.2,317,1.12,202,8.6,71,0.85,-0.022750842623800883,-0.3951417004048583
max,L3_S35,5.641,284,8.0,136,0.89,198,10.4,45,0.83,0.04602022297122116,-0.2611336032388664
max,L3_S36,5.485,284,6.6,117,0.88,199,8.1,43,0.95,-0.027158413274565727,-0.10445344129554655
max,L3_S37,5.316,287,6.7,230,0.88,202,12.3,116,0.88,-0.08374384236453203,-0.1682186234817814
max,L3_S38,2.311,72,11.0,6,1.22,42,18.4,3,0.96,0.368695652173913,-0.2607142857142857
coverage,L0_S4,0.358,94,11.3,77,1.1,61,4.7,4,0.55,0.3989743589743589,0.030384283803875808
coverage,L0_S10,0.426,59,14.8,48,1.09,53,0.2,0,0.0,0.5676470588235295,-0.39227118027797914
coverage,L3_S29,1.713,290,5.7,265,1.19,200,9.7,111,1.07,0.19516463572724915,-0.27712550607287456
coverage,L3_S30,0.979,213,7.3,142,0.72,197,6.0,84,1.31,-0.42549226156713393,0.12877100891600363
coverage,L3_S35,0.308,222,9.1,158,1.14,134,15.6,27,0.57,0.2279465055345289,-0.020244716351501667
rms_passing,L0_S0,2.199,168,8.2,175,1.05,152,3.8,70,2.41,0.10017421602787457,-0.043697478991596636
rms_passing,L0_S1,1.826,168,7.7,135,0.86,152,16.5,91,0.72,-0.26184668989547044,0.1235294117647059
rms_passing,L0_S2,1.84,160,7.1,84,1.18,149,10.1,28,0.7,0.1876172607879925,-0.32742551566080974
rms_passing,L0_S3,1.998,161,6.9,73,1.09,148,10.5,32,0.83,0.22157598499061917,-0.08877005347593582
rms_passing,L0_S4,2.728,164,9.1,95,1.05,147,4.2,13,0.8,0.07421602787456447,0.21405653170359049
rms_passing,L0_S5,2.56,164,7.6,96,1.23,147,6.9,24,0.92,-0.04668989547038328,0.11382734912146676
rms_passing,L0_S6,2.271,165,8.3,100,1.22,146,6.2,24,1.01,0.15365853658536588,0.05362872421695951
rms_passing,L0_S7,2.898,165,9.7,113,1.15,147,2.5,13,1.36,-0.06149825783972127,-0.16180290297937358
rms_passing,L0_S8,2.327,165,10.5,171,0.81,149,7.8,49,0.82,0.05034843205574915,0.15569136745607332
rms_passing,L0_S9,1.995,163,11.1,70,0.92,146,13.5,35,1.04,-0.421254355400697,0.07776928953399541
rms_passing,L0_S10,2.264,162,8.0,53,0.97,146,5.5,9,0.64,-0.0017421602787456448,-0.06921313980137508
rms_passing,L0_S11,2.009,162,8.4,33,0.63,145,5.5,12,0.85,-0.26114982578397217,-0.12696715049656226
rms_passing,L2_S26,1.935,83,6.9,38,0.63,42,0.2,0,0.0,0.24802371541501977,0.1758241758241758
rms_passing,L3_S29,1.958,290,6.6,202,0.79,200,3.9,49,1.17,-0.23029556650246308,-0.1665991902834008
rms_passing,L3_S30,1.823,289,5.0,161,0.82,200,7.9,67,0.79,-0.09703137153227898,-0.09028340080971661
rms_passing,L3_S32,1.913,100,9.0,25,0.91,92,8.5,5,0.53,-0.1473607038123167,-0.16600985221674872
rms_passing,L3_S33,2.102,287,5.8,228,1.17,202,5.8,63,1.17,-0.045501685247601766,-0.062145748987854244
rms_passing,L3_S34,2.117,287,7.1,276,1.12,202,11.3,114,1.04,-0.014843142338605137,-0.4524291497975709
rms_passing,L3_S35,2.267,284,8.0,145,0.95,198,8.4,29,0.66,0.0044075706507648435,-0.3145748987854251
rms_passing,L3_S36,2.096,284,6.9,139,1.01,199,9.8,43,0.78,-0.03901996370235935,-0.2663967611336032
rms_passing,L3_S37,2.32,287,6.9,271,1.0,202,12.6,122,0.9,-0.06241897848068447,-0.3263157894736842
rms_passing,L3_S38,1.657,72,9.5,6,1.41,42,18.1,2,0.65,0.3521739130434782,-0.16428571428571426
