Station,Numeric Features,Parts Visited,Failure Rate (%),Risk Lift,Median Hours Since Start,Median Hours Until Last Station
L0_S0,12,286883,0.5322727383637231,0.917395274670326,0.0,24.80011
L0_S1,2,286915,0.5318648380182284,0.9166922406381047,0.0,24.799805
L0_S2,9,144814,0.5096192357092546,0.8783509750245684,0.0,24.60022
L0_S3,9,142317,0.5550988286712059,0.9567370366618508,0.0,24.799805
L0_S4,2,142684,0.5193294272658462,0.8950869135915999,0.20019531,24.60022
L0_S5,2,144604,0.544936516278941,0.9392218481195124,0.20019531,24.299316
L0_S6,3,144433,0.5185795489950357,0.8937944656929261,0.2999878,24.400024
L0_S7,3,142810,0.5454800084027729,0.9401585804942657,0.2999878,24.400024
L0_S8,3,286897,0.5312010930752151,0.9155482472857897,0.2999878,24.399948
L0_S9,12,96283,0.5338429421600905,0.9201015893831275,0.30029297,24.400635
L0_S10,12,95610,0.562702646166719,0.9698425476847966,0.30029297,24.400024
L0_S11,12,95780,0.49697222802255164,0.8565533057955045,0.30029297,24.20044
L0_S12,12,100803,0.5267700366060534,0.9079111282420775,0.0,21.99997
L0_S13,2,100807,0.5267491344847084,0.9078751025244888,0.0,21.900635
L0_S14,9,50154,0.5084340232085178,0.8763082095975833,0.09994507,21.899948
L0_S15,9,50653,0.5429096006159556,0.9357283705893754,0.09994507,21.999512
L0_S16,2,49603,0.5241618450496947,0.9034157963627967,0.20019531,21.699982
L0_S17,2,51228,0.529007573982978,0.9117676214804862,0.20019531,21.70044
L0_S18,3,50311,0.5088350460137941,0.8769993898893385,0.29968262,21.699982
L0_S19,3,50506,0.5444897635924445,0.9384518503833927,0.29968262,21.600342
L0_S20,3,100820,0.5266812140448324,0.9077580386846474,0.2999878,21.699219
L0_S21,14,33732,0.5158306652436855,0.8890566446806024,0.30029297,21.600037
L0_S22,14,33741,0.5720043863548798,0.9858745025075489,0.30029297,21.600037
L0_S23,14,33433,0.4905333054168038,0.8454555419110716,0.30029297,21.600037
L1_S24,229,76339,0.8829038892309303,1.5217233526903315,0.0,272.3999
L1_S25,284,35865,0.5046702913704169,0.8698212536546308,0.0,320.80017
L2_S26,14,95114,0.7906301911390542,1.3626856103741025,160.59998,49.299316
L2_S27,14,50992,0.6491214308126765,1.1187890913696596,94.20044,48.00049
L2_S28,14,3741,0.7751937984496124,1.3360803144598628,123.00049,45.100098
L3_S29,53,472415,0.5816919445826233,1.0025714315453693,36.800537,0.29968262
L3_S30,68,472505,0.5820044232336166,1.003110002126192,37.000122,0.20019531
L3_S31,4,16732,0.2689457327277074,0.4635396979105609,24.94999,0.20004272
L3_S32,1,10582,4.488754488754489,7.736564096440001,38.199615,0.19897461
L3_S33,10,470259,0.49164396640999963,0.8473698145639429,37.299805,0.100097656
L3_S34,4,470396,0.5038308148878817,0.8683743793310612,37.399902,0.09979248
L3_S35,8,233005,0.5729490783459582,0.9875027203480838,37.399902,0.0
L3_S36,8,240051,0.5936238549308273,1.0231365993292438,37.5,0.0
L3_S37,4,472744,0.5819217166161812,1.002967453664566,37.401123,0.0
L3_S38,3,11546,0.7535077082972458,1.298703392446132,154.6997,0.0
L3_S39,4,25626,0.5424178568641224,0.9348808287902833,15.499878,0.30029297
L3_S40,8,25629,0.5423543641968083,0.9347713964095283,15.500488,0.29907227
L3_S41,14,25626,0.5424178568641224,0.9348808287902833,15.599365,0.20019531
L3_S42,0,7,0.0,0.0,16.89972,0.49926758
L3_S43,8,13065,0.6123230003827019,1.0553653919040018,15.799561,0.20019531
L3_S44,8,12763,0.4701089085638173,0.810253203315783,15.39978,0.20019531
L3_S45,5,25630,0.5423332032774093,0.9347349246422083,15.699463,0.20019531
L3_S47,11,25651,0.5418892050992165,0.9339696744212624,15.800018,0.100097656
L3_S48,6,25636,0.5383055078795443,0.9277930159936993,15.899658,0.0
L3_S49,7,12684,0.5834121728161463,1.0055363199175222,15.499878,0.0
L3_S50,7,13000,0.5307692307692308,0.9148039137697876,16.099854,0.0
L3_S51,4,25651,0.5379907216092941,0.927250468130462,15.899658,0.0
