Week,Parts,Failure_Rate
0,6643,0.31612223393045313
1,2743,0.14582573824279985
2,2799,0.2500893176134334
3,4589,0.26149487905861846
4,4597,0.13051990428540353
5,2161,0.2776492364645997
6,3676,0.19042437431991296
7,3066,0.16307893020221786
8,3146,0.3814367450731087
9,4365,0.32073310423825885
10,5728,0.6808659217877094
11,6669,0.9446693657219973
12,4338,0.875979714153988
13,5926,0.9618629767127912
14,7028,0.5264655663062038
15,8192,0.74462890625
16,6256,0.5754475703324808
17,4778,0.7325240686479699
18,1747,1.2020606754436176
19,5326,0.6947052196770559
20,6675,1.1835205992509363
21,4426,1.016719385449616
22,6875,1.6145454545454547
23,5649,0.6903876792352629
24,1723,0.9866511897852582
25,1166,0.2572898799313894
26,1297,2.235929067077872
27,3761,0.8508375432065941
28,3860,0.38860103626943004
29,1544,0.5181347150259068
30,4336,0.507380073800738
31,4926,0.6699147381242387
32,3958,0.42950985346134407
33,9991,0.4303873486137524
34,7597,0.5660128998288798
35,4169,0.6716238906212522
36,5875,0.7319148936170212
37,5799,0.6207966890843248
38,4062,0.5416051206302315
39,5115,1.2316715542521994
40,9950,0.7336683417085427
41,11984,1.485313751668892
42,5553,0.738339636232667
43,2560,0.9765625
44,4559,0.3728887914016232
45,5660,0.5830388692579506
46,4278,1.5661524076671343
47,6708,1.1627906976744187
48,3715,0.6460296096904442
49,7509,0.772406445598615
50,3,0.0
51,3,0.0
52,5714,1.3650682534126708
53,6588,0.8500303582270795
54,6048,0.7771164021164021
55,5897,0.5596065796167543
56,6278,0.7486460656259956
57,10801,0.46292009999074163
58,9797,0.34704501377972846
59,9059,0.39739485594436474
60,4168,0.23992322456813817
61,4968,0.24154589371980675
62,4397,0.09097111667045713
63,392,0.0
64,1980,0.35353535353535354
65,5529,0.14469162597214685
66,6911,0.15916654608594993
67,4238,0.28315243039169424
68,10762,0.38097007991079723
69,6507,0.16904871676655908
70,5449,0.3853918150119288
71,196,0.0
72,8774,0.2393435149304764
73,3119,0.22443090734209684
74,4875,0.2871794871794872
75,4777,0.6070755704416998
76,3008,0.49867021276595747
77,2420,0.1652892561983471
78,2517,0.5164878823996821
79,4123,0.4850836769342712
80,1817,0.3302146395156852
81,8322,0.9973564047104061
82,9099,0.2967359050445104
83,7906,0.4806476094105743
84,7476,0.4280363830925628
85,6722,0.2677774471883368
86,7085,0.14114326040931546
87,2330,0.30042918454935624
88,2397,0.5006257822277848
89,3520,0.5965909090909092
90,3392,0.5011792452830188
91,3609,0.7481296758104738
92,3872,0.2066115702479339
93,4353,0.11486331265793705
94,5262,0.41809198023565186
95,2440,0.6557377049180327
96,5205,0.30739673390970224
97,5347,0.4114456704694221
98,4305,0.3252032520325203
99,4269,0.28109627547434995
100,1370,0.145985401459854
101,1144,0.26223776223776224
102,64,0.0
